"","2","Site 2"
"1","1","Orendorf C"
"2","2","Orendorf C"
"3","3","Orendorf C"
"4","4","Orendorf C"
"5","5","Orendorf C"
"6","6","Orendorf C"
"7","7","Orendorf C"
"8","8","Orendorf C"
"9","9","Orendorf C"
"10","10","Orendorf C"
"11","11","Orendorf C"
"12","12","Orendorf C"
"13","13","Orendorf C"
"14","14","Orendorf C"
"15","15","Orendorf C"
"16","16","Orendorf C"
"17","17","Orendorf C"
"18","18","Orendorf C"
"19","19","Orendorf C"
"20","20","Orendorf C"
"21","21","Orendorf C"
"22","22","Orendorf C"
"23","23","Orendorf C"
"24","24","Orendorf C"
"25","25","Orendorf C"
"26","26","Orendorf C"
"27","27","Orendorf C"
"28","28","Orendorf C"
"29","29","Orendorf C"
"30","30","Orendorf C"
"31","31","Orendorf C"
"32","32","Orendorf C"
"33","33","Orendorf C"
"34","34","Orendorf C"
"35","35","Orendorf C"
"36","36","Orendorf C"
"37","37","Orendorf C"
"38","38","Orendorf C"
"39","39","Orendorf C"
"40","40","Orendorf C"
"41","41","Orendorf C"
"42","42","Orendorf C"
"43","43","Orendorf C"
"44","44","Orendorf C"
"45","45","Orendorf C"
"46","46","Orendorf C"
"47","47","Orendorf C"
"80","80","Crable"
"81","81","Crable"
"82","82","Crable"
"83","83","Crable"
"84","84","Crable"
"85","85","Crable"
"86","86","Crable"
"87","87","Crable"
"88","88","Crable"
"89","89","Crable"
"90","90","Crable"
"91","91","Crable"
"92","92","Crable"
"93","93","Crable"
"94","94","Crable"
"95","95","Crable"
"96","96","Crable"
"97","97","Crable"
"98","98","Crable"
"99","99","Crable"
"100","100","Crable"
"101","101","Crable"
"102","102","Crable"
"103","103","Crable"
"104","104","Crable"
"105","105","Crable"
"106","106","Crable"
"107","107","Crable"
"108","108","Crable"
"109","109","Crable"
"110","110","Crable"
"111","111","Crable"
"112","112","Crable"
"113","113","Crable"
"114","114","Crable"
"115","115","Crable"
"116","116","Crable"
"117","117","Crable"
"118","118","Crable"
"119","119","Crable"
"120","120","Crable"
"121","121","Crable"
"190","190","Walsh"
"191","191","Walsh"
"192","192","Walsh"
"193","193","Walsh"
"194","194","Walsh"
"195","195","Walsh"
"196","196","Walsh"
"197","197","Walsh"
"198","198","Walsh"
"199","199","Walsh"
"221","221","Lawrenz Gun Club"
"222","222","Lawrenz Gun Club"
"223","223","Lawrenz Gun Club"
"224","224","Lawrenz Gun Club"
"225","225","Lawrenz Gun Club"
"226","226","Lawrenz Gun Club"
"227","227","Lawrenz Gun Club"
"228","228","Lawrenz Gun Club"
"229","229","Lawrenz Gun Club"
"230","230","Lawrenz Gun Club"
"231","231","Lawrenz Gun Club"
"232","232","Lawrenz Gun Club"
"233","233","Lawrenz Gun Club"
"234","234","Lawrenz Gun Club"
"235","235","Lawrenz Gun Club"
"236","236","Lawrenz Gun Club"
"237","237","Lawrenz Gun Club"
"238","238","Lawrenz Gun Club"
"239","239","Lawrenz Gun Club"
"240","240","Lawrenz Gun Club"
"242","242","C.W. Cooper"
"243","243","C.W. Cooper"
"244","244","C.W. Cooper"
"245","245","C.W. Cooper"
"246","246","C.W. Cooper"
"247","247","C.W. Cooper"
"248","248","C.W. Cooper"
"249","249","C.W. Cooper"
"250","250","C.W. Cooper"
"251","251","Emmons"
"252","252","Emmons"
"253","253","Emmons"
"254","254","Emmons"
"255","255","Emmons"
"256","256","Emmons"
"257","257","Emmons"
"258","258","Emmons"
"259","259","Emmons"
"260","260","Emmons"
"261","261","Emmons"
"262","262","Emmons"
"263","263","Emmons"
"264","264","Emmons"
"265","265","Emmons"
"266","266","Emmons"
"267","267","Emmons"
"268","268","Emmons"
"269","269","Emmons"
"270","270","Emmons"
"271","271","Emmons"
"272","272","Emmons"
"273","273","Emmons"
"274","274","Emmons"
"295","295","Baehr South"
"296","296","Baehr South"
"297","297","Baehr South"
"307","307","Baehr South"
"308","308","Baehr South"
"309","309","Baehr South"
"312","312","Myer-Dickson"
"313","313","Myer-Dickson"
"314","314","Myer-Dickson"
"315","315","Myer-Dickson"
"316","316","Myer-Dickson"
"317","317","Myer-Dickson"
"318","318","Myer-Dickson"
"319","319","Myer-Dickson"
"320","320","Myer-Dickson"
"321","321","Myer-Dickson"
"322","322","Myer-Dickson"
"323","323","Myer-Dickson"
"324","324","Myer-Dickson"
"325","325","Myer-Dickson"
"326","326","Myer-Dickson"
"327","327","Myer-Dickson"
"328","328","Myer-Dickson"
"329","329","Myer-Dickson"
"330","330","Myer-Dickson"
"370","370","C.W. Cooper"
"378","378","Star Bridge"
"379","379","Star Bridge"
"380","380","Star Bridge"
"381","381","Star Bridge"
"382","382","Star Bridge"
"383","383","Star Bridge"
"384","384","Star Bridge"
"385","385","Star Bridge"
"386","386","Star Bridge"
"387","387","Star Bridge"
"388","388","Star Bridge"
"389","389","Star Bridge"
"390","390","Star Bridge"
"391","391","Star Bridge"
"392","392","Star Bridge"
"393","393","Star Bridge"
"394","394","Star Bridge"
"395","395","Star Bridge"
"396","396","Star Bridge"
"397","397","Star Bridge"
"398","398","Star Bridge"
"399","399","Star Bridge"
"400","400","Star Bridge"
"401","401","Star Bridge"
"402","402","Star Bridge"
"403","403","Star Bridge"
"404","404","Star Bridge"
"405","405","Star Bridge"
"406","406","Star Bridge"
"407","407","Star Bridge"
"408","408","Star Bridge"
"409","409","Star Bridge"
"410","410","Star Bridge"
"411","411","Star Bridge"
"487","487","Ten Mile Creek"
"488","488","Ten Mile Creek"
"489","489","Ten Mile Creek"
"490","490","Ten Mile Creek"
"491","491","Ten Mile Creek"
"492","492","Ten Mile Creek"
"493","493","Ten Mile Creek"
"494","494","Ten Mile Creek"
"495","495","Ten Mile Creek"
"496","496","Ten Mile Creek"
"497","497","Ten Mile Creek"
"498","498","Ten Mile Creek"
"499","499","Ten Mile Creek"
"500","500","Ten Mile Creek"
"501","501","Ten Mile Creek"
"502","502","Ten Mile Creek"
"503","503","Ten Mile Creek"
"504","504","Ten Mile Creek"
"505","505","Ten Mile Creek"
"506","506","Ten Mile Creek"
"507","507","Ten Mile Creek"
"508","508","Ten Mile Creek"
"509","509","Ten Mile Creek"
"510","510","Ten Mile Creek"
"511","511","Ten Mile Creek"
"512","512","Ten Mile Creek"
"513","513","Ten Mile Creek"
"514","514","Ten Mile Creek"
"515","515","Ten Mile Creek"
"516","516","Ten Mile Creek"
"517","517","Ten Mile Creek"
"518","518","Ten Mile Creek"
"519","519","Ten Mile Creek"
"520","520","Ten Mile Creek"
"521","521","Ten Mile Creek"
"522","522","Ten Mile Creek"
"523","523","Ten Mile Creek"
"524","524","Ten Mile Creek"
"525","525","Ten Mile Creek"
"526","526","Ten Mile Creek"
"527","527","Ten Mile Creek"
"528","528","Ten Mile Creek"
"533","533","Eveland"
"534","534","Eveland"
"535","535","Eveland"
"536","536","Eveland"
"537","537","Eveland"
"538","538","Eveland"
"539","539","Eveland"
"540","540","Eveland"
"541","541","Eveland"
"542","542","Eveland"
"543","543","Eveland"
"544","544","Eveland"
"545","545","Eveland"
"546","546","Eveland"
"547","547","Eveland"
"548","548","Eveland"
"549","549","Eveland"
"550","550","Eveland"
"551","551","Eveland"
"552","552","Eveland"
"553","553","Eveland"
"554","554","Eveland"
"555","555","Eveland"
"556","556","Eveland"
"557","557","Eveland"
"558","558","Eveland"
"559","559","Eveland"
"560","560","Eveland"
"561","561","Eveland"
"562","562","Eveland"
"563","563","Eveland"
"564","564","Eveland"
"565","565","Eveland"
"567","567","Kingston Lake"
"568","568","Kingston Lake"
"569","569","Kingston Lake"
"570","570","Kingston Lake"
"571","571","Kingston Lake"
"572","572","Kingston Lake"
"573","573","Kingston Lake"
"574","574","Kingston Lake"
"575","575","Kingston Lake"
"576","576","Kingston Lake"
"577","577","Kingston Lake"
"578","578","Kingston Lake"
"579","579","Kingston Lake"
"580","580","Kingston Lake"
"581","581","Kingston Lake"
"582","582","Kingston Lake"
"583","583","Kingston Lake"
"584","584","Kingston Lake"
"585","585","Kingston Lake"
"586","586","Kingston Lake"
"587","587","Kingston Lake"
"588","588","Kingston Lake"
"589","589","Kingston Lake"
"590","590","Kingston Lake"
"591","591","Kingston Lake"
"592","592","Kingston Lake"
"593","593","Kingston Lake"
"594","594","Kingston Lake"
"595","595","Kingston Lake"
"596","596","Kingston Lake"
"597","597","Kingston Lake"
"598","598","Kingston Lake"
"599","599","Kingston Lake"
"600","600","Kingston Lake"
"601","601","Kingston Lake"
"602","602","Kingston Lake"
"603","603","Kingston Lake"
"604","604","Kingston Lake"
"605","605","Kingston Lake"
"606","606","Kingston Lake"
"607","607","Kingston Lake"
"608","608","Kingston Lake"
"609","609","Kingston Lake"
"610","610","Kingston Lake"
"611","611","Kingston Lake"
"612","612","Kingston Lake"
"613","613","Kingston Lake"
"614","614","Kingston Lake"
"660","660","Lawrenz Gun Club"
"661","661","Lawrenz Gun Club"
"662","662","Lawrenz Gun Club"
"663","663","Lawrenz Gun Club"
"664","664","Lawrenz Gun Club"
"665","665","Lawrenz Gun Club"
"666","666","Lawrenz Gun Club"
"667","667","Lawrenz Gun Club"
"668","668","Lawrenz Gun Club"
"669","669","Lawrenz Gun Club"
"670","670","Lawrenz Gun Club"
"671","671","Lawrenz Gun Club"
"672","672","Lawrenz Gun Club"
"690","690","Lawrenz Gun Club"
"691","691","Lawrenz Gun Club"
"692","692","Lawrenz Gun Club"
"693","693","Lawrenz Gun Club"
"694","694","Lawrenz Gun Club"
"695","695","Lawrenz Gun Club"
"711","711","Lawrenz Gun Club"
"723","723","C.W. Cooper"
"724","724","Buckeye Bend"
"725","725","Buckeye Bend"
"726","726","Buckeye Bend"
"727","727","Buckeye Bend"
"728","728","Buckeye Bend"
"729","729","Buckeye Bend"
"742","742","Buckeye Bend"
"743","743","Buckeye Bend"
"744","744","Fouts Village"
"745","745","Fouts Village"
"746","746","Fouts Village"
"747","747","Fouts Village"
"749","749","Fouts Village"
"750","750","Fouts Village"
"753","753","Fouts Village"
"754","754","Fouts Village"
"755","755","Fouts Village"
"767","767","Emmons"
"768","768","Larson"
"769","769","Larson"
"770","770","Larson"
"771","771","Larson"
"772","772","Larson"
"773","773","Larson"
"774","774","Larson"
"775","775","Larson"
"776","776","Larson"
"777","777","Larson"
"778","778","Larson"
"779","779","Larson"
"780","780","Larson"
"781","781","Larson"
"782","782","Larson"
"783","783","Larson"
"784","784","Larson"
"785","785","Larson"
"786","786","Larson"
"787","787","Larson"
"788","788","Larson"
"789","789","Larson"
"790","790","Larson"
"791","791","Larson"
"792","792","Larson"
"793","793","Larson"
"794","794","Larson"
"795","795","Larson"
"796","796","Larson"
"797","797","Larson"
"798","798","Larson"
"799","799","Larson"
"800","800","Larson"
"801","801","Larson"
"802","802","Larson"
"803","803","Larson"
"804","804","Larson"
"805","805","Larson"
"806","806","Larson"
"807","807","Larson"
"808","808","Larson"
"809","809","Larson"
"852","852","Morton Village"
"853","853","Morton Village"
"854","854","Morton Village"
"855","855","Morton Village"
"856","856","Morton Village"
"857","857","Morton Village"
"858","858","Morton Village"
"859","859","Morton Village"
"860","860","Morton Village"
"861","861","Morton Village"
"862","862","Morton Village"
"863","863","Morton Village"
"864","864","Morton Village"
"865","865","Morton Village"
"866","866","Morton Village"
"867","867","Morton Village"
"868","868","Morton Village"
"869","869","Morton Village"
"870","870","Morton Village"
"871","871","Morton Village"
"872","872","Morton Village"
"873","873","Morton Village"
"874","874","Morton Village"
"881","881","Morton Village"
"882","882","Morton Village"
"883","883","Morton Village"
"884","884","Morton Village"
"885","885","Morton Village"
"886","886","Morton Village"
"887","887","Morton Village"
"888","888","Morton Village"
"889","889","Morton Village"
"890","890","Morton Village"
"891","891","Morton Village"
"912","912","Houston-Shryock"
"913","913","Houston-Shryock"
"914","914","Houston-Shryock"
"915","915","Houston-Shryock"
"916","916","Houston-Shryock"
"917","917","Houston-Shryock"
"918","918","Houston-Shryock"
"919","919","Houston-Shryock"
"920","920","Houston-Shryock"
"921","921","Houston-Shryock"
"922","922","Houston-Shryock"
"923","923","Houston-Shryock"
"924","924","Houston-Shryock"
"925","925","Houston-Shryock"
"958","958","Star Bridge"
"959","959","Star Bridge"
"960","960","Star Bridge"
"961","961","Star Bridge"
"962","962","Star Bridge"
"963","963","Star Bridge"
"964","964","Star Bridge"
"965","965","Star Bridge"
"966","966","Star Bridge"
"967","967","Star Bridge"
"968","968","Star Bridge"
"969","969","Star Bridge"
"970","970","Star Bridge"
"971","971","Star Bridge"
"972","972","Star Bridge"
"973","973","Star Bridge"
"974","974","Star Bridge"
"1025","1025","Emmons"
"1058","1058","Crable"
"1059","1059","Crable"
"1060","1060","Crable"
"1061","1061","Crable"
"1062","1062","Crable"
"1063","1063","Crable"
"1064","1064","Crable"
"1065","1065","Crable"
"1066","1066","Crable"
"1080","1080","Crable"
"1081","1081","Crable"
"1133","1133","Lawrenz Gun Club"
"1134","1134","Lawrenz Gun Club"
"1135","1135","Lawrenz Gun Club"
"1136","1136","Lawrenz Gun Club"
"1137","1137","Lawrenz Gun Club"
"1138","1138","Lawrenz Gun Club"
"1139","1139","Lawrenz Gun Club"
"1140","1140","Lawrenz Gun Club"
"1141","1141","Lawrenz Gun Club"
"1142","1142","Lawrenz Gun Club"
"1143","1143","Lawrenz Gun Club"
"1153","1153","Morton Village"
"1154","1154","Morton Village"
"1155","1155","Morton Village"
"1156","1156","Morton Village"
"1157","1157","Morton Village"
"1158","1158","Morton Village"
"1159","1159","Morton Village"
"1160","1160","Morton Village"
"1161","1161","Morton Village"
"1162","1162","Morton Village"
"1163","1163","Morton Village"
"1164","1164","Morton Village"
"1165","1165","Morton Village"
"1166","1166","Morton Village"
"1195","1195","Orendorf D"
"1196","1196","Orendorf D"
"1197","1197","Orendorf D"
"1198","1198","Orendorf D"
"1199","1199","Orendorf D"
"1200","1200","Orendorf D"
"1201","1201","Orendorf D"
"1202","1202","Orendorf D"
"1203","1203","Orendorf D"
"1204","1204","Orendorf D"
"1205","1205","Orendorf D"
"1206","1206","Orendorf D"
"1207","1207","Orendorf D"
"1208","1208","Orendorf D"
"1209","1209","Orendorf D"
"1210","1210","Orendorf D"
"1211","1211","Orendorf D"
"1212","1212","Orendorf D"
"1213","1213","Orendorf D"
"1214","1214","Orendorf D"
"1215","1215","Orendorf D"
"1216","1216","Orendorf D"
"1217","1217","Orendorf D"
"1218","1218","Orendorf D"
"1219","1219","Orendorf D"
"1220","1220","Orendorf D"
"1221","1221","Orendorf D"
"1222","1222","Orendorf D"
"1223","1223","Orendorf D"
"1224","1224","Orendorf D"
"1225","1225","Orendorf D"
"1226","1226","Orendorf D"
"1227","1227","Orendorf D"
"1228","1228","Orendorf D"
"1229","1229","Orendorf D"
"1230","1230","Orendorf D"
"1231","1231","Orendorf D"
"1232","1232","Orendorf D"
"1233","1233","Orendorf D"
"1234","1234","Orendorf D"
"1235","1235","Orendorf D"
"1236","1236","Orendorf D"
"1237","1237","Orendorf D"
"1238","1238","Orendorf D"
"1239","1239","Orendorf D"
"1240","1240","Orendorf D"
"1241","1241","Orendorf D"
"1279","1279","C.W. Cooper"
"1280","1280","C.W. Cooper"
"1281","1281","C.W. Cooper"
"1282","1282","C.W. Cooper"
"1283","1283","C.W. Cooper"
"1284","1284","C.W. Cooper"
"1285","1285","C.W. Cooper"
"1286","1286","C.W. Cooper"
"1287","1287","C.W. Cooper"
"1288","1288","C.W. Cooper"
"1289","1289","C.W. Cooper"
"1290","1290","C.W. Cooper"
"1291","1291","C.W. Cooper"
"1292","1292","C.W. Cooper"
"1293","1293","C.W. Cooper"
"1294","1294","C.W. Cooper"
"1295","1295","C.W. Cooper"
"1296","1296","C.W. Cooper"
"1297","1297","C.W. Cooper"
"1298","1298","C.W. Cooper"
"1299","1299","C.W. Cooper"
"1300","1300","Crable"
"1301","1301","Crable"
"1302","1302","Crable"
"1303","1303","Crable"
"1304","1304","Crable"
"1305","1305","Crable"
"1306","1306","Crable"
"1307","1307","Crable"
"1308","1308","Crable"
